{"C23UG135CSC010": {"roll_no": "C23UG135CSC010", "name": "Deepak G", "date_of_birth": "2005-11-11", "image_filename": "C23UG135CSC010_G.D_Photo.jpg", "marks": {"23UCS04": 43.0}}, "C23UG135CSC001": {"roll_no": "C23UG135CSC001", "name": "Akash M", "date_of_birth": "2006-07-25", "image_filename": null, "marks": {"23UCS04": 70.0}}, "C23UG135CSC002": {"roll_no": "C23UG135CSC002", "name": "Anandaraj P", "date_of_birth": "2005-12-14", "image_filename": null, "marks": {"23UCS01": 29.0, "23UCS04": 70.0}}, "C23UG135CSC003": {"roll_no": "C23UG135CSC003", "name": "Anbarasu S", "date_of_birth": "2000-05-21", "image_filename": null, "marks": {"23UCS04": 70.0}}, "C23UG135CSC004": {"roll_no": "C23UG135CSC004", "name": "Anish Muhamadhu S", "date_of_birth": "2006-04-25", "image_filename": null, "marks": {"23UCS04": 70.0}}, "C23UG135CSC005": {"roll_no": "C23UG135CSC005", "name": "Arun E", "date_of_birth": "2005-09-08", "image_filename": null, "marks": {"23UCS04": 70.0}}, "C23UG135CSC006": {"roll_no": "C23UG135CSC006", "name": "Arun M", "date_of_birth": "2006-03-05", "image_filename": null, "marks": {"23UCS04": 70.0}}, "C23UG135CSC007": {"roll_no": "C23UG135CSC007", "name": "Azmal Ahmed S", "date_of_birth": "2006-05-06", "image_filename": null, "marks": {"23UCS04": 70.0}}, "C23UG135CSC008": {"roll_no": "C23UG135CSC008", "name": "Balaji V", "date_of_birth": "2005-05-29", "image_filename": null, "marks": {"23UCS04": 70.0}}, "C23UG135CSC011": {"roll_no": "C23UG135CSC011", "name": "Deepak S", "date_of_birth": "2005-11-11", "image_filename": null, "marks": {"23UCS04": 70.0}}, "C23UG135CSC012": {"roll_no": "C23UG135CSC012", "name": "Dhanasekar M", "date_of_birth": "2005-12-26", "image_filename": null, "marks": {"23UCS04": 70.0}}, "C23UG135CSC013": {"roll_no": "C23UG135CSC013", "name": "Dhanish S", "date_of_birth": "2006-04-25", "image_filename": null, "marks": {"23UCS04": 70.0, "23UCS03": 100.0}}, "C23UG135CSC014": {"roll_no": "C23UG135CSC014", "name": "Dhanush M", "date_of_birth": "2005-10-10", "image_filename": null, "marks": {"23UCS04": 70.0}}, "C23UG135CSC015": {"roll_no": "C23UG135CSC015", "name": "Dharmaraj M", "date_of_birth": "2005-12-09", "image_filename": null, "marks": {"23UCS04": 70.0}}}